{
   "Species" : [
      {
         "General" : [
            {
               "name" : "gene",
               "path" : "gene.svg"
            },
            {
               "name" : "general",
               "path" : "general.svg"
            }
         ]
      },
      {
         "mRNA" : [
            {
               "name" : "mRNA-1",
               "path" : "mRNA-1.svg"
            },
            {
               "name" : "mRNA",
               "path" : "mRNA.svg"
            }
         ]
      },
      {
         "ncRNA" : [
            {
               "Housekeeping ncRNA" : [
                  {
                     "name" : "rRNA",
                     "path" : "rRNA.svg"
                  },
                  {
                     "name" : "snoRNA",
                     "path" : "snoRNA.svg"
                  },
                  {
                     "name" : "snRNA",
                     "path" : "snRNA.svg"
                  },
                  {
                     "name" : "tRNA",
                     "path" : "tRNA.svg"
                  }
               ]
            },
            {
               "Regulatory ncRNA" : [
                  {
                     "name" : "circRNA",
                     "path" : "circRNA.svg"
                  },
                  {
                     "name" : "lncRNA",
                     "path" : "lncRNA.svg"
                  },
                  {
                     "name" : "miRNA",
                     "path" : "miRNA.svg"
                  },
                  {
                     "name" : "piRNA",
                     "path" : "piRNA.svg"
                  },
                  {
                     "name" : "SiRNA",
                     "path" : "SiRNA.svg"
                  },
                  {
                     "name" : "Y RNA",
                     "path" : "Y RNA.svg"
                  }
               ]
            },
            {
               "name" : "pri-miRNA",
               "path" : "pri-miRNA.svg"
            }
         ]
      },
      {
         "Protein" : [
            {
               "name" : "antibody",
               "path" : "antibody.svg"
            },
            {
               "name" : "DNA_P_Complex",
               "path" : "DNA_P_Complex.svg"
            },
            {
               "name" : "ligand",
               "path" : "ligand.svg"
            },
            {
               "name" : "P_P_Complex",
               "path" : "P_P_Complex.svg"
            },
            {
               "name" : "P_P_Complex_2",
               "path" : "P_P_Complex_2.svg"
            },
            {
               "name" : "phosphorylated_protein",
               "path" : "phosphorylated_protein.svg"
            },
            {
               "name" : "protein_1",
               "path" : "protein_1.svg"
            },
            {
               "name" : "protein_2",
               "path" : "protein_2.svg"
            },
            {
               "name" : "protein_3",
               "path" : "protein_3.svg"
            },
            {
               "name" : "protein_4",
               "path" : "protein_4.svg"
            },
            {
               "name" : "protein_5",
               "path" : "protein_5.svg"
            },
            {
               "name" : "receptor",
               "path" : "receptor.svg"
            },
            {
               "name" : "receptor_1",
               "path" : "receptor_1.svg"
            },
            {
               "name" : "receptor_2",
               "path" : "receptor_2.svg"
            },
            {
               "name" : "Receptor_Ligand_Complex",
               "path" : "Receptor_Ligand_Complex.svg"
            },
            {
               "name" : "Receptor_P_Complex",
               "path" : "Receptor_P_Complex.svg"
            },
            {
               "name" : "small_moleculer",
               "path" : "small_moleculer.svg"
            },
            {
               "name" : "Ubiquitinated protein",
               "path" : "Ubiquitinated protein.svg"
            }
         ]
      }
   ]
}
